ResponseId,bot_probability,final_label,final_label_text,confidence,subscore_automation_risk,subscore_behavioral_risk,subscore_duplication_risk,subscore_anomaly_risk
R_7bHKEO6P45UburW,0.037632977670889335,-1,HUMAN,0.9247340446582213,0.0,0.0,0.0,0.42407196620487
R_7iW6Cq1z07ez2D7,0.037632977670889335,-1,HUMAN,0.9247340446582213,0.0,0.0,0.0,0.42407196620487
R_7QtQuBUjvNvPXeh,0.037632977670889335,-1,HUMAN,0.9247340446582213,0.0,0.0,0.0,0.42407196620487
R_52sRTunW4kxec5W,0.037632977670889335,-1,HUMAN,0.9247340446582213,0.0,0.0,0.0,0.42407196620487
R_5r513YxCG11RVst,0.037632977670889335,-1,HUMAN,0.9247340446582213,0.0,0.0,0.0,0.42407196620487
R_5dtcnH5ViPmxlV1,0.037632977670889335,-1,HUMAN,0.9247340446582213,0.0,0.0,0.0,0.42407196620487
R_5YEpe9VqdBCd0GJ,0.037632977670889335,-1,HUMAN,0.9247340446582213,0.0,0.0,0.0,0.42407196620487
R_7sVB4o23scKSGjv,0.037632977670889335,-1,HUMAN,0.9247340446582213,0.0,0.0,0.0,0.42407196620487
R_7pPu3bxfk6sPtgo,0.037632977670889335,-1,HUMAN,0.9247340446582213,0.0,0.0,0.0,0.42407196620487
R_5AI1auD4gGCNNC1,0.037632977670889335,-1,HUMAN,0.9247340446582213,0.0,0.0,0.0,0.42407196620487
R_75TnzHlG5wEOYf6,0.037632977670889335,-1,HUMAN,0.9247340446582213,0.0,0.0,0.0,0.42407196620487
R_6DMRdXst3CHbLeX,0.037632977670889335,-1,HUMAN,0.9247340446582213,0.0,0.0,0.0,0.42407196620487
R_6CE3Jy37WvQZyJb,0.037632977670889335,-1,HUMAN,0.9247340446582213,0.0,0.0,0.0,0.42407196620487
R_6CwQSy3iQxdPRfW,0.037632977670889335,-1,HUMAN,0.9247340446582213,0.0,0.0,0.0,0.42407196620487
R_6wjD0veKzNxrkXv,0.037632977670889335,-1,HUMAN,0.9247340446582213,0.0,0.0,0.0,0.42407196620487
R_6roLbN44oKxHhxz,0.037632977670889335,-1,HUMAN,0.9247340446582213,0.0,0.0,0.0,0.42407196620487
R_6gpE6WM0sxSPO4T,0.037632977670889335,-1,HUMAN,0.9247340446582213,0.0,0.0,0.0,0.42407196620487
R_65HEjWXKOo8xd5L,0.037632977670889335,-1,HUMAN,0.9247340446582213,0.0,0.0,0.0,0.42407196620487
R_6YG7lV14PVsNIQb,0.037632977670889335,-1,HUMAN,0.9247340446582213,0.0,0.0,0.0,0.42407196620487
R_1mqfifnkjnl0htn,0.037632977670889335,-1,HUMAN,0.9247340446582213,0.0,0.0,0.0,0.42407196620487
R_1jheP2kwwnoeBAl,0.037632977670889335,-1,HUMAN,0.9247340446582213,0.0,0.0,0.0,0.42407196620487
R_1e5m8YxazCQyHpE,0.06316268459194596,-1,HUMAN,0.8736746308161081,0.0,0.2,0.0,0.6207886781676756
R_5GOzi2gGtfDcRGx,0.05929459549367044,-1,HUMAN,0.8814108090126591,0.0,0.2,0.0,0.6773249580660421
R_7TzWYr2GwQfsVYe,0.037632977670889335,-1,HUMAN,0.9247340446582213,0.0,0.0,0.0,0.42407196620487
R_73qyFTx8rzekc8g,0.037632977670889335,-1,HUMAN,0.9247340446582213,0.0,0.0,0.0,0.42407196620487
R_3TKIl7WaDRYcpxo,0.042168442428370256,-1,HUMAN,0.9156631151432595,0.0,0.0004945246313269549,0.0,0.358098833247665
R_5fzES6qSj7VZTtD,0.05382695490257104,-1,HUMAN,0.8923460901948579,0.0,0.013827857964660286,0.0,0.3688590253458415
R_3k7P69rXCwQe373,0.042864568113681424,-1,HUMAN,0.9142708637726371,0.0,0.0004945246313269549,0.0,0.3743776504037771
R_3PUiksZqCh2T5OH,0.02580894301300655,-1,HUMAN,0.9483821139739869,0.0,0.0004945246313269549,0.0,0.4032174010742221
R_3im9kF8AZntpyKM,0.052687919581671835,-1,HUMAN,0.8946241608366563,0.0,0.0004945246313269549,0.0,0.39288192550854595
R_64BiuQfJpWeLG7i,0.04844384836771233,-1,HUMAN,0.9031123032645754,0.0,0.013827857964660286,0.0,0.3927828374109478
R_5APYraG4G0jJTCV,0.02681900768431053,-1,HUMAN,0.9463619846313789,0.0,0.02716119129799362,0.0,0.33384705407754756
R_110do7NbcsgfU4N,0.025789324628842474,-1,HUMAN,0.948421350742315,0.0,0.0004945246313269549,0.0,0.34260253092457227
R_3rk3ocTZFauWCNt,0.043028520953909036,-1,HUMAN,0.913942958092182,0.0,0.013827857964660286,0.0,0.37801225603626953
R_7S0IMy8NFhrRpZ7,0.043331715041918045,-1,HUMAN,0.913336569916164,0.05999999994,0.16707877052610579,0.0,0.6024454280904333
R_3QmZUiu7w06YzDR,0.04382784446362874,-1,HUMAN,0.9123443110727425,0.0,0.17125867603798006,0.0,0.5702066471796526
R_3ejdNEFaNdpMJ8Z,0.02189569433289065,-1,HUMAN,0.9562086113342187,0.05999999994,0.013827857964660286,0.0,0.38033313476440006
R_5eyDp4nMuh9myd3,0.09120823018103437,-1,HUMAN,0.8175835396379313,0.0,0.013827857964660286,0.0,0.3813734147398171
R_5zV1vDCbwLuTWtX,0.05515175029015732,-1,HUMAN,0.8896964994196853,0.0,0.0004945246313269549,0.0,0.33690509030336374
R_61cuAAaoUGvZWgE,0.6809078800661135,1,BOT,0.36181576013222694,0.0,0.10716119129799362,0.0,0.34938389664876796
R_3uvxC8yrJxrM4OT,0.11739378661681325,-1,HUMAN,0.7652124267663735,0.0,0.0004945246313269549,0.0,0.392357884354642
R_60GLwXAG8g7619v,0.1513049210198831,-1,HUMAN,0.6973901579602337,0.0,0.04049452463132695,0.0,0.3625432457098576
R_6SpL04uO3xJtRcp,0.924006504345709,1,BOT,0.8480130086914179,0.0,0.26202777777720343,0.0,0.5978904539020758
R_7scU6ZHPgTopF4D,0.026645584080009232,-1,HUMAN,0.9467088318399816,0.0,0.013827857964660286,0.0,0.3504417384443651
R_7eaAMd6d84YWxKE,0.02701137778743166,-1,HUMAN,0.9459772444251366,0.0,0.05382785796466029,0.0,0.3507982398969171
R_1CgYV3ttjAdP8uR,0.030546495748577745,-1,HUMAN,0.9389070085028445,0.0,0.0004945246313269549,0.0,0.43769537500047717
R_7uGieWKBEcdckMN,0.02234437760059931,-1,HUMAN,0.9553112447988014,0.05999999994,0.10041210385943912,0.0,0.3819460516750279
R_7QRuGpr4EQtAe6K,0.04064512132162769,-1,HUMAN,0.9187097573567446,0.0,0.08049452463132696,0.0,0.3905107554327479
R_5aFa0Za5EPWipnC,0.7748577256577509,1,BOT,0.5497154513155018,0.0,0.10716119129799362,0.0,0.33505462351182336
R_108mwXueTq9yg8s,0.8939948558456263,1,BOT,0.7879897116912526,0.0,0.1471611912979936,0.0,0.4006760364891228
R_6QgTO2THeNNgbnC,0.25972895369676835,-1,HUMAN,0.4805420926064633,0.0,0.09378929684176747,0.0,0.376370573197538
R_3OkK5PG8F7Yngjz,0.1559163480788734,-1,HUMAN,0.6881673038422532,0.0,0.08049452463132696,0.8,0.38183781568770203
R_1Ymih96GGEhrHln,0.04522108567795133,-1,HUMAN,0.9095578286440973,0.0,0.10041210385943912,0.0,0.4014453774525177
R_58iUdg4HEMShO5X,0.027038628823348277,-1,HUMAN,0.9459227423533034,0.0,0.05382785796466029,0.0,0.4326912028055526
R_7p5bWq5ePeOtPDF,0.05052971317008783,-1,HUMAN,0.8989405736598244,0.0,0.08049452463132696,0.0,0.36275652161509697
R_57La5TLabu9lCgN,0.04250457944925716,-1,HUMAN,0.9149908411014857,0.0,0.16152321497055022,0.0,0.38807085226950805
R_38NVjMStL4BnSP7,0.042878051385805346,-1,HUMAN,0.9142438972283893,0.0,0.02716119129799362,0.0,0.37691528376999733
R_37xJOknRrP7Unf8,0.029823675075510942,-1,HUMAN,0.9403526498489782,0.0,0.15596765941499469,0.0,0.3697770863710255
R_6Jhg2Dlsqil5CPT,0.12270801820624569,-1,HUMAN,0.7545839635875087,0.0,0.06716119129799361,0.0,0.3574276303388788
R_1GvTdP9W0mEipMg,0.07825248225804785,-1,HUMAN,0.8434950354839044,0.0,0.10711475210338828,0.0,0.43306509578415575
R_7WUWZD8Sg5adPSu,0.8778885431624538,1,BOT,0.7557770863249076,0.0,0.13075177777231772,0.0,0.39414808739426
R_5EALrkLBZzgFLkc,0.9231090706951612,1,BOT,0.8462181413903225,0.0,0.12049452463132695,0.0,0.3404387100421953
R_7WPC66hyTTbYdfO,0.9232140239727948,1,BOT,0.8464280479455897,0.0,0.1338278579646603,0.0,0.36139101459171674
R_6rmwkEDvFm9wP0R,0.06505157839891205,-1,HUMAN,0.8698968432021759,0.0,0.05382785796466029,0.0,0.3253346444659152
R_1soiSl2o1ygiUTT,0.8630528304001815,1,BOT,0.7261056608003631,0.0,0.18716119129799363,0.0,0.4118125902049995
R_62Pq8k18o9buKGd,0.18136605785266863,-1,HUMAN,0.6372678842946627,0.0,0.06716119129799361,0.0,0.4036391498197373
R_5kO15iy6ECzzmVF,0.022027759117878163,-1,HUMAN,0.9559444817642436,0.05999999994,0.02716119129799362,0.0,0.3249860625349967
R_148UJ5yblVkwjNW,0.1420583094963696,-1,HUMAN,0.7158833810072608,0.0,0.0004945246313269549,0.0,0.3725280201262839
R_6VJx69sqLoxHxU5,0.040290372997468724,-1,HUMAN,0.9194192540050625,0.0,0.05382785796466029,0.0,0.3635264954893101
R_61iLyLacmeHIR4S,0.1844327520387446,-1,HUMAN,0.6311344959225108,0.0,0.09382785796466028,0.0,0.3525776113128859
R_79mrUuzgLNUXU1H,0.02700208890888084,-1,HUMAN,0.9459958221822383,0.0,0.05382785796466029,0.0,0.3245167423815861
R_37EfBvwXBxPDD8M,0.05255856947619349,-1,HUMAN,0.894882861047613,0.0,0.16707877052610579,0.0,0.5467062466830085
R_7FAPH29zngsi0FP,0.11534990422595952,-1,HUMAN,0.7693001915480809,0.0,0.05382785796466029,0.0,0.37906951564388475
R_7nqlN9rwInfmQpD,0.1775031233334167,-1,HUMAN,0.6449937533331667,0.0,0.09382785796466028,0.8,0.4436774354842333
R_3LiH9fYrpahgfvY,0.026645556602541882,-1,HUMAN,0.9467088867949163,0.0,0.013827857964660286,0.0,0.3503615352159314
R_66qNuLOMVNbc4NP,0.026638101344365783,-1,HUMAN,0.9467237973112684,0.0,0.013827857964660286,0.0,0.32892176376078835
R_1rOH6VLQywTHys9,0.949281249910617,1,BOT,0.898562499821234,0.0,0.10716119129799362,0.8,0.3483761927092532
R_6rw7okdNnif8WOs,0.022494517297968905,-1,HUMAN,0.9550109654040622,0.05999999994,0.18606751759380494,0.0,0.35782632821268207
R_7Ceb71cpZqaajH8,0.8884553132950298,1,BOT,0.7769106265900596,0.0,0.1338278579646603,0.0,0.35662206973472355
R_3qWkCUshAnguaOe,0.1878275011862002,-1,HUMAN,0.6243449976275997,0.0,0.189300992748328,0.0,0.3669461123872673
R_5d5dKk30osvlWZo,0.9464803712345112,1,BOT,0.8929607424690225,0.0,0.1471611912979936,0.8,0.3693993303813743
R_7kiVvQlRscrAC83,0.9230239076631923,1,BOT,0.8460478153263846,0.0,0.10716119129799362,0.0,0.34971928023358023
R_3dGq2OBYF16e6OW,0.16197905766766782,-1,HUMAN,0.6760418846646643,0.0,0.04049452463132695,0.0,0.35700222564106354
R_7AR1MjXrvmeALrO,0.11294705798098022,-1,HUMAN,0.7741058840380396,0.0,0.013827857964660286,0.0,0.35238136650829643
R_5C2QqAQPQ5ibVoG,0.037632977670889335,-1,HUMAN,0.9247340446582213,0.0,0.0,0.0,0.42407196620487
R_5OY2aLyv68V5TKF,0.037632977670889335,-1,HUMAN,0.9247340446582213,0.0,0.0,0.0,0.42407196620487
R_52teitxjtDDQoU7,0.037632977670889335,-1,HUMAN,0.9247340446582213,0.0,0.0,0.0,0.42407196620487
R_1LipYCtebjZpFny,0.1311291975319319,-1,HUMAN,0.7377416049361363,0.0,0.05382785796466029,0.0,0.3581421407962863
R_5ainF3EjKGAJVFD,0.1663844031617473,-1,HUMAN,0.6672311936765054,0.0,0.014081758649914691,0.0,0.43154102828769225
R_3E031ZopnasAJbt,0.19739584893400156,-1,HUMAN,0.605208302131997,0.0,0.0004945246313269549,0.8,0.3788531887100772
R_3n3B6dgJRqX7Dnm,0.9234451054524421,1,BOT,0.8468902109048841,0.0,0.1738278579646603,0.0,0.3750178505430074
R_60mQpkSaA5y1prH,0.9230529681357378,1,BOT,0.8461059362714756,0.0,0.10716119129799362,0.0,0.38116530757190104
R_6zY0CxVwTsVFz6n,0.02989230063106227,-1,HUMAN,0.9402153987378754,0.0,0.10041210385943912,0.0,0.36003655159762565
R_6Frixjy9UJ0XiVK,0.027228406423059646,-1,HUMAN,0.9455431871538807,0.0,0.11707877052610578,0.0,0.3329914422055862
R_7qeqbm0vZNOotH3,0.08152360206176221,-1,HUMAN,0.8369527958764755,0.0,0.04049452463132695,0.8,0.3476920537856783
R_3dEoJlVu5hSwPdk,0.21200129330606615,-1,HUMAN,0.5759974133878677,0.0,0.04049452463132695,0.8,0.38864289452721684
R_3yejq9J0mSm9wqR,0.02663759785074358,-1,HUMAN,0.9467248042985128,0.0,0.013827857964660286,0.0,0.32749776833787164
R_3G0SqsELRFt2DkS,0.034612795047298285,-1,HUMAN,0.9307744099054034,0.0,0.0,0.0,0.4480057237010555
R_3QuPKd1thWktaNb,0.025802361367586617,-1,HUMAN,0.9483952772648268,0.0,0.0004945246313269549,0.0,0.38245044581343024
R_1Gy6DxkMpafw5Kk,0.923301211753904,1,BOT,0.846602423507808,0.0,0.1471611912979936,0.0,0.37107284456524664
R_7v9bcmWjMKFqumW,0.21176473036216006,-1,HUMAN,0.5764705392756799,0.0,0.17263432608166132,0.0,0.3470926921286975
R_7fgmtel6U6QWcE1,0.24481695181133975,-1,HUMAN,0.5103660963773204,0.0,0.09382785796466028,0.8,0.3605385716261821
R_7lBKS9kwhteLsS5,0.9493541619763363,1,BOT,0.8987083239526725,0.0,0.12049452463132695,0.8,0.36347784231357033
R_1XgPOEqTIR5sfBf,0.8765718147210293,1,BOT,0.7531436294420586,0.0,0.10716119129799362,0.0,0.3357966881540212
R_3joCjHsoCIGfNAs,0.9236049719524754,1,BOT,0.8472099439049507,0.0,0.20049452463132694,0.0,0.41529500825534216
R_7guwpsRUxbc5Nm1,0.9494100976493197,1,BOT,0.8988201952986394,0.0,0.1338278579646603,0.8,0.3610870413672629
R_7qPsC6z4BGfu2gP,0.8544917859990168,1,BOT,0.7089835719980335,0.0,0.13713101313557038,0.0,0.36788947148420437
R_3ALTHbkKRFiQuuR,0.9494362907097184,1,BOT,0.8988725814194367,0.0,0.1338278579646603,0.8,0.40352408838631815
R_7E9KGEtoOsjaIAt,0.9230270587048341,1,BOT,0.8460541174096683,0.0,0.10716119129799362,0.0,0.3530715174130063
R_7OIh547fSbQB2kn,0.051508537002894615,-1,HUMAN,0.8969829259942108,0.0,0.16152321497055022,0.8,0.3349876907829728
R_7wywpKcmZdhDmIp,0.9241203205929672,1,BOT,0.8482406411859345,0.0,0.3188179404198301,0.0,0.5046441860246843
R_7Fj6xc4OW4O1aKJ,0.06879238956716406,-1,HUMAN,0.8624152208656719,0.0,0.09382785796466028,0.0,0.3543088098415737
R_6HZaAmzaK8NH6Kt,0.04203822307489526,-1,HUMAN,0.9159235538502095,0.0,0.06716119129799361,0.8,0.34253960652411475
R_1gc0HqTKVq3nwiZ,0.7498358461237783,1,BOT,0.4996716922475566,0.05999999994,0.2004121038594391,0.0,0.3647453912289325
R_1mmyR4jT8bf1DQ8,0.16202591857355947,-1,HUMAN,0.6759481628528811,0.0,0.06716119129799361,0.8,0.32670221915623265
R_7V6rpr5cJC77Fhn,0.16493098990226995,-1,HUMAN,0.6701380201954601,0.0,0.013827857964660286,0.0,0.3649088774139555
R_7PAl1YLRsGFSRVD,0.14438931134516744,-1,HUMAN,0.7112213773096652,0.0,0.09382785796466028,0.8,0.3927836670970766
R_7J9JoIMkUqkvDPk,0.7537264581571206,1,BOT,0.5074529163142412,0.05999999994,0.10716119129799362,0.0,0.3350424454113878
R_1rTC1fCQrnXjO6N,0.027248859658903057,-1,HUMAN,0.9455022806821939,0.0,0.12263432608166135,0.0,0.35133436359765163
R_7HIkTYNskONjk8T,0.923211706595137,1,BOT,0.8464234131902739,0.0,0.1338278579646603,0.0,0.35889276314250096
R_1B6k066uCyBQj9D,0.919412108563324,1,BOT,0.838824217126648,0.0,0.10716119129799362,0.8,0.3966229739501127
R_7YE9Bwe24YhpjHx,0.9232352732509437,1,BOT,0.8464705465018874,0.0,0.1338278579646603,0.0,0.3846380093050602
R_3SsfUf4BhuJqYM1,0.9492830592626401,1,BOT,0.8985661185252802,0.0,0.10716119129799362,0.8,0.35119419617846775
R_1cRPrQm5iFABkQO,0.5319524240802622,1,BOT,0.06390484816052444,0.0,0.19615429135928772,0.0,0.4368325081168309
R_32QIRgwlFaOjtaG,0.02238430514296867,-1,HUMAN,0.9552313897140626,0.05999999994,0.11463894616523353,0.0,0.4091864038979443
R_1SA1SbUl8ZHJfln,0.06975432024142067,-1,HUMAN,0.8604913595171586,0.0,0.15596765941499469,0.0,0.4053673230073354
R_5tvYOfgYTYg3FAd,0.04166406105362594,-1,HUMAN,0.9166718778927481,0.0,0.02716119129799362,0.8,0.35700877583270846
R_7YpCPTmo6UbVmV3,0.9496198595509389,1,BOT,0.8992397191018777,0.0,0.18716119129799363,0.8,0.39275629031385545
R_6TM2oXDPZ99UhBe,0.9422532735787815,1,BOT,0.884506547157563,0.0,0.18716119129799363,0.8,0.378489782746139
R_3KqBGQ7dzroaE0g,0.8459997450554525,1,BOT,0.691999490110905,0.0,0.33336381600414555,0.8,0.5001070299716125
R_3iHYU40dzo3YV6y,0.9493796459548882,1,BOT,0.8987592919097764,0.0,0.1254457361463224,0.8,0.3691134794053991
R_7rN4MvdtxiSO6WP,0.10354184960068127,-1,HUMAN,0.7929163007986375,0.0,0.013827857964660286,0.8,0.3323015998669538
R_7k2lLZreO5Y0Wph,0.9235843385582537,1,BOT,0.8471686771165075,0.0,0.20049452463132694,0.0,0.39195733886274914
R_7aYor7mdupZDAHv,0.04725830653405766,-1,HUMAN,0.9054833869318847,0.0,0.06716119129799361,0.0,0.35391595480184573
R_1FyvHPW3xA57j2Z,0.03701076341065053,-1,HUMAN,0.925978473178699,0.0,0.0004945246313269549,0.0,0.36647159781405303
R_1DGOfk2GKegQhQ6,0.0934393679923921,-1,HUMAN,0.8131212640152158,0.0,0.02716119129799362,0.0,0.35778135306754144
R_6Tn0DqZGT7kZVoL,0.10384020346949537,-1,HUMAN,0.7923195930610093,0.0,0.013827857964660286,0.0,0.4043237244546349
R_3IK0rEkY3S6AwOS,0.9446705746800571,1,BOT,0.8893411493601142,0.0,0.19615429135928772,0.8,0.4143383789775318
R_6Onmq6W05EtIWsN,0.026649044225307783,-1,HUMAN,0.9467019115493844,0.0,0.013827857964660286,0.0,0.36060711938223994
R_3NgUFegiVcVtP5D,0.025787482894991953,-1,HUMAN,0.9484250342100161,0.0,0.0004945246313269549,0.0,0.33713173053194073
R_7yrxo0oAVHkggzY,0.1170337641877122,-1,HUMAN,0.7659324716245756,0.0,0.08049452463132696,0.8,0.36724605556946993
R_5WIqVnY0sG2R393,0.8868869679393343,1,BOT,0.7737739358786686,0.0,0.1738278579646603,0.8,0.34895121767385884
R_7r7vrxa7kgVsjkZ,0.02246726572734924,-1,HUMAN,0.9550654685453015,0.05999999994,0.17263432608166132,0.0,0.3332072651947863
R_5fHS9LPLHpSmXjX,0.021176974153750125,-1,HUMAN,0.9576460516924997,0.05999999994,0.0004945246313269549,0.0,0.3264739573520567
R_5wuIbdVsxePHcTn,0.03122775222893983,-1,HUMAN,0.9375444955421204,0.0,0.06716119129799361,0.0,0.36874668431407726
R_54bD95OuI1CHzzA,0.9451608485371658,1,BOT,0.8903216970743315,0.0,0.1471611912979936,0.8,0.3518032513461949
R_74G1wjxeHIm0NG1,0.9236020336389531,1,BOT,0.8472040672779062,0.0,0.20049452463132694,0.0,0.4119452931272353
R_3iDO6e5cHRxMLS6,0.6685013061802203,1,BOT,0.3370026123604406,0.05999999994,0.12049452463132695,0.0,0.4181228967785138
R_6I6ZaHTp7PxGqeB,0.21432410682781639,-1,HUMAN,0.5713517863443672,0.0,0.04049452463132695,0.8,0.3604342609754757
R_3hWsyp9G5v0lHhc,0.16202948989600258,-1,HUMAN,0.6759410202079948,0.0,0.0004945246313269549,0.8,0.37562107316339655
R_3y3Eho3rMBza13j,0.8461448898055526,1,BOT,0.6922897796111052,0.05999999994,0.2519294681431449,0.0,0.42600888594503517
R_5ODIE0JO3Y9EO7h,0.025788257351658857,-1,HUMAN,0.9484234852966823,0.0,0.0004945246313269549,0.0,0.3394270629068762
R_3OdnglmmRWcNC28,0.9498629505825527,1,BOT,0.8997259011651053,0.0,0.2370110497235524,0.8,0.5651059017147654
R_7WPiJcECdMmfIBQ,0.9122421561881126,1,BOT,0.8244843123762251,0.0,0.21448009011440025,0.0,0.47604321400488003
R_6DCErj5mlKTQa3y,0.9494672956186262,1,BOT,0.8989345912372524,0.0,0.1471611912979936,0.8,0.3681893332993557
R_3GEpjY4oYI1dqFj,0.18178577456824715,-1,HUMAN,0.6364284508635056,0.0,0.0004945246313269549,0.0,0.3891738269282821
R_6sYnMwKrGBjlt3d,0.039978539448496116,-1,HUMAN,0.9200429211030078,0.05999999994,0.1448565483038836,0.0,0.44534645358612335
R_7QtEVAFjVuhdVgi,0.021890954149904128,-1,HUMAN,0.9562180917001918,0.05999999994,0.013827857964660286,0.0,0.36316255400364295
R_3MPQ1rLY6r5fwLE,0.026831575403442914,-1,HUMAN,0.9463368491931141,0.0,0.02716119129799362,0.0,0.3703465511691324
R_5ziVyCiPVSJA3V7,0.022503814514881315,-1,HUMAN,0.9549923709702374,0.05999999994,0.18606751759380494,0.0,0.39069114521488985
R_6xPI8rTqUXe6T0w,0.022504775086425382,-1,HUMAN,0.9549904498271492,0.05999999994,0.19559132711761448,0.0,0.34646766855034816
R_6YMmB7Ko7m1iPQ5,0.02255644753528645,-1,HUMAN,0.9548871049294271,0.05999999994,0.23368656521285258,0.0,0.35278355270078304
R_6GBRsS3FyMNcjrF,0.05480238698404648,-1,HUMAN,0.890395226031907,0.0,0.11434067528568549,0.0,0.6076611328517935
R_3HmZxBLYSxryAKR,0.21381165082237147,-1,HUMAN,0.5723766983552571,0.0,0.05382785796466029,0.8,0.3888883973787828
R_5Iw0X9aZD9UM5Tb,0.04277874285669373,-1,HUMAN,0.9144425142866125,0.0,0.013827857964660286,0.0,0.3387272776535474
R_1ir8BoKhYjgWWqd,0.022512083827047256,-1,HUMAN,0.9549758323459054,0.05999999994,0.19559132711761448,0.0,0.37185365951050164
R_7xRwGOPe4zaoR0Z,0.022157092787950843,-1,HUMAN,0.9556858144240983,0.05999999994,0.03930099274832802,0.0,0.49748880244811594
R_5FA1syQr2qViDAU,0.02579314047087397,-1,HUMAN,0.948413719058252,0.0,0.0004945246313269549,0.0,0.3540688940316134
R_3GU1eGC9GB2Mvl4,0.022193623807447653,-1,HUMAN,0.9556127523851047,0.05999999994,0.05382785796466029,0.0,0.3671001814767784
R_3EgBe7fFnJgQ0XY,0.9206556356173928,1,BOT,0.8413112712347857,0.0,0.10716119129799362,0.8,0.34563811261379807
R_3RRoZi2s9hetls8,0.027118940268549063,-1,HUMAN,0.9457621194629019,0.0,0.08049452463132696,0.0,0.33390405385141747
R_62txAkeQuo1fUGf,0.0998798705073223,-1,HUMAN,0.8002402589853554,0.0,0.06716119129799361,0.8,0.3384665158012911
R_5qQXUI7zWMzuNLH,0.5415140075802103,1,BOT,0.08302801516042058,0.0,0.2534631219892835,0.0,0.40762175003851986
R_6iiXyl67bVzYeop,0.10287546043056255,-1,HUMAN,0.7942490791388749,0.0,0.02716119129799362,0.0,0.35395603442520274
R_3rqLuqV1q9A9U8V,0.027190500133039613,-1,HUMAN,0.9456189997339208,0.0,0.10041210385943912,0.0,0.3548102880809708
R_6Eg79AdRO49nwQC,0.8120061525822851,1,BOT,0.6240123051645703,0.0,0.21152321497055024,0.0,0.3755839593998179
R_3IooZYhmRneowLL,0.5151395840108485,1,BOT,0.030279168021696945,0.0,0.20049452463132694,0.0,0.36332838684775176
R_7eX6Rl9WDd3oWgV,0.18529700252234294,-1,HUMAN,0.6294059949553141,0.0,0.04049452463132695,0.0,0.4967793910523995
R_5s8ZGayT1lnLaSZ,0.04259375187268358,-1,HUMAN,0.9148124962546329,0.0,0.04049452463132695,0.0,0.34589302618626827
R_7pKdY15bvRRo37A,0.9237546567433597,1,BOT,0.8475093134867193,0.0,0.25041210385943913,0.0,0.35688043447729606
R_3FroatgZ7li1GJL,0.026635125412322304,-1,HUMAN,0.9467297491753554,0.0,0.013827857964660286,0.0,0.3205511095841317
R_6QXJB89ahssTC1q,0.022389045805878794,-1,HUMAN,0.9552219083882424,0.05999999994,0.1281898816372169,0.0,0.3279895636235535
R_61soaCZJLxuEk7n,0.022448704515047792,-1,HUMAN,0.9551025909699045,0.05999999994,0.16152321497055022,0.0,0.3297082251357165
R_6KOwYAXOWENIH0d,0.8287679852329644,1,BOT,0.6575359704659287,0.0,0.21666666666666667,0.0,0.38138414516412633
R_58LCuUeIe6LT1pp,0.7842042207440725,1,BOT,0.568408441488145,0.05999999994,0.19233895152146663,0.0,0.4315233015929508
R_1QWeQV31Ks1Q0b5,0.02196361121085491,-1,HUMAN,0.9560727775782902,0.05999999994,0.017078770526105794,0.0,0.46309970493506714
R_5QFRrz1PpCh62pJ,0.025783168392549505,-1,HUMAN,0.948433663214901,0.0,0.0004945246313269549,0.0,0.32448551460734437
R_6nVOYo0aMfTgeWZ,0.021884989275551988,-1,HUMAN,0.956230021448896,0.05999999994,0.013827857964660286,0.0,0.34204069353457806
R_7wyHQ21sC2fV6xj,0.02579715076879251,-1,HUMAN,0.948405698462415,0.0,0.0004945246313269549,0.0,0.36630102403309517
R_6NoOxw8Mpufd9ux,0.0273492224823768,-1,HUMAN,0.9453015550352464,0.0,0.15596765941499469,0.0,0.42926207741475036
R_1xUdTbKAK8UJXBn,0.9173648551535762,1,BOT,0.8347297103071525,0.0,0.3003560508729332,0.8,0.5571555832959315
R_5YR2FnoLY9oBspe,0.02692884544583519,-1,HUMAN,0.9461423091083296,0.0,0.04049452463132695,0.0,0.3388915568955871
R_5F8TJlAPJQEjcOy,0.053433535488499516,-1,HUMAN,0.893132929023001,0.0,0.0004945246313269549,0.0,0.3384329550774603
R_64tYHtkCI39hKlr,0.02203291993904611,-1,HUMAN,0.9559341601219078,0.05999999994,0.02716119129799362,0.0,0.3426775066791702
R_1wH22HB6WOMyh4B,0.9495286936747747,1,BOT,0.8990573873495493,0.0,0.16049452463132696,0.8,0.38845855833662074
R_72PjSc5DEWDlQ4W,0.7193663244623979,1,BOT,0.4387326489247958,0.05999999994,0.1338278579646603,0.0,0.34705837246372817
R_1G013hPFIX4DTY5,0.02236793127181857,-1,HUMAN,0.9552641374563628,0.05999999994,0.11707877052610578,0.0,0.33292769859434423
R_1sTROUeVJlIA0kw,0.9452132161418687,1,BOT,0.8904264322837374,0.0,0.18716119129799363,0.8,0.3719057519955493
R_58SRWLG4MPU3Uzs,0.021900970850233226,-1,HUMAN,0.9561980582995335,0.05999999994,0.013827857964660286,0.0,0.39979861518507565
R_3EzKk94G2ahRJig,0.7758209855465914,1,BOT,0.5516419710931828,0.0,0.21152321497055024,0.0,0.3681033884594086
R_5hm4KEzbsXd3hRV,0.031097637326754256,-1,HUMAN,0.9378047253464915,0.0,0.1712071867126838,0.0,0.5263587414746916
R_6zI3SQP14r1uSEW,0.022335496021279162,-1,HUMAN,0.9553290079574417,0.05999999994,0.10041210385943912,0.0,0.3506094205943433
R_5pmv9wykPh3yXDd,0.027194848870808745,-1,HUMAN,0.9456103022583825,0.0,0.10041210385943912,0.0,0.36742209398848097
R_3BN9fiaDZGg9nZT,0.022189655940631877,-1,HUMAN,0.9556206881187362,0.05999999994,0.05382785796466029,0.0,0.35310601714516704
R_5P2dQDKldW1rFMv,0.02258441240496365,-1,HUMAN,0.9548311751900727,0.05999999994,0.2527341842604716,0.0,0.3706666312252358
R_56gRWDOu9oFsQV3,0.18820797185162336,-1,HUMAN,0.6235840562967533,0.0,0.05382785796466029,0.8,0.38858776113128957
R_5QB29BkCV3dFPup,0.3093387797626,-1,HUMAN,0.3813224404748,0.05999999994,0.189300992748328,0.0,0.35819780995950873
R_3Qxp0B2gMkb9PlD,0.03337442406847165,-1,HUMAN,0.9332511518630567,0.05999999994,0.0004945246313269549,0.0,0.33013744451781063
R_59ukpNLzXh6kue4,0.02722650570452644,-1,HUMAN,0.9455469885909471,0.0,0.11707877052610578,0.0,0.32771216521167457
R_1CSaAsrYNlUmjwl,0.07002214415652327,-1,HUMAN,0.8599557116869534,0.0,0.04049452463132695,0.0,0.3566728041299162
R_3nT1cKnoa5B8fPb,0.9241709096734197,1,BOT,0.8483418193468395,0.0,0.20049452463132694,0.8,0.3995950285574631
R_7HBOgKjIfqtH74f,0.027253050066050243,-1,HUMAN,0.9454938998678996,0.0,0.1281898816372169,0.0,0.3253913221098802
R_7A3RisG2l0bYl0J,0.9496803085973063,1,BOT,0.8993606171946127,0.0,0.19600364099227718,0.8,0.44866021104592374
R_6lhHgSpQ7NDA91r,0.02578334298950205,-1,HUMAN,0.948433314020996,0.0,0.0004945246313269549,0.0,0.32499252867040324
R_36bYRFdYWIR1oEK,0.0271905100140107,-1,HUMAN,0.9456189799719786,0.0,0.10041210385943912,0.0,0.3548387264206918
R_3Av4H7SvY0hPJkd,0.025787720534096732,-1,HUMAN,0.9484245589318065,0.0,0.0004945246313269549,0.0,0.337835241792001
R_5K9WFv84tAKauaw,0.022354697149261783,-1,HUMAN,0.9552906057014764,0.05999999994,0.10041210385943912,0.0,0.4195962030496482
R_6ypASnqUACpBqm9,0.025787012087142035,-1,HUMAN,0.948425975825716,0.0,0.0004945246313269549,0.0,0.33574005356937014
R_10xi7iWONxJQg8m,0.04508004637266784,-1,HUMAN,0.9098399072546643,0.0,0.017078770526105794,0.0,0.42093841224508377
R_5IFQG47YPblMZ1L,0.027173041074040886,-1,HUMAN,0.9456539178519182,0.0,0.08049452463132696,0.0,0.4976668982626096
R_12tb7SzHLvfDCnz,0.9235534624835445,1,BOT,0.8471069249670891,0.0,0.20049452463132694,0.0,0.3579762453618551
R_1IQKlnTWJ3Rp6cm,0.7035501105472834,1,BOT,0.4071002210945669,0.0,0.28930099274832805,0.0,0.5689776952152463
R_3EuNcUYpO21eMh6,0.03347966041281997,-1,HUMAN,0.9330406791743601,0.0,0.18606751759380494,0.0,0.3806808220303064
R_71LE0Z06xup64A7,0.02234247308547247,-1,HUMAN,0.955315053829055,0.05999999994,0.10041210385943912,0.0,0.3751338826287303
R_6dhGP3HlCMLWn4q,0.30138226601600293,-1,HUMAN,0.39723546796799414,0.0,0.189300992748328,0.0,0.35612618656919726
R_6hmZPx6Nhl7VMeu,0.02722565426004272,-1,HUMAN,0.9455486914799146,0.0,0.11707877052610578,0.0,0.3253611093954317
R_3HoRWTFdcXzmxsT,0.02693831712698016,-1,HUMAN,0.9461233657460397,0.0,0.04049452463132695,0.0,0.3663174747901754
R_7sWOpJ5j5wi7I9F,0.025788168510168206,-1,HUMAN,0.9484236629796636,0.0,0.0004945246313269549,0.0,0.33916337225325777
R_697MzahNZ8nzDbP,0.865889283409446,1,BOT,0.7317785668188921,0.0,0.1977518474490142,0.0,0.4714457910089456
R_7FY8kXby7ubd0dz,0.0222820417049592,-1,HUMAN,0.9554359165900816,0.05999999994,0.08049452463132696,0.0,0.34885352420008525
R_5GFAbrCb0YS6sgh,0.9252798423268048,1,BOT,0.8505596846536096,0.0,0.1338278579646603,0.8,0.3680944722935274
R_5N0vrdxYSHLCUs9,0.022365580550689948,-1,HUMAN,0.9552688388986201,0.05999999994,0.11707877052610578,0.0,0.3250456156376774
R_3EndbCQVXzPUrX4,0.02579810235494557,-1,HUMAN,0.9484037952901089,0.0,0.0004945246313269549,0.0,0.36922942489637084
R_3sjEIIBkdZKUHip,0.9498428869492728,1,BOT,0.8996857738985455,0.0,0.2726343260816613,0.8,0.37925169744835063
R_7exEPA9k4pZh1H0,0.022400948070949243,-1,HUMAN,0.9551981038581016,0.05999999994,0.11707877052610578,0.0,0.4516864384633574
R_1uR6rbMzYimEaIk,0.022414486508453634,-1,HUMAN,0.9551710269830928,0.05999999994,0.139300992748328,0.0,0.3430249619961651
R_3lEvwBfiHIXW3Vo,0.9502754335225767,1,BOT,0.9005508670451534,0.0,0.4235156818874481,0.8,0.5762457522374049
R_5EykIiH7CEevihv,0.027225211518295916,-1,HUMAN,0.9455495769634081,0.0,0.11707877052610578,0.0,0.3241420149180325
R_5hyalsngdKk81gO,0.027344387858249757,-1,HUMAN,0.9453112242835005,0.0,0.14214950778140092,0.0,0.5043152090011559
R_7EaTDCY0b1JnDC9,0.8081518040796162,1,BOT,0.6163036081592324,0.05999999994,0.2448565483038836,0.0,0.39586421050943305
R_5OhRyjxHBPbRko9,0.18941560588026132,-1,HUMAN,0.6211687882394774,0.0,0.08067736755307722,0.8,0.40629808519992866
R_5phBwwdN0TrZdhT,0.022028153054469573,-1,HUMAN,0.9559436938910608,0.05999999994,0.02716119129799362,0.0,0.326319954657642
R_1DLA8KIx00nCnfH,0.026824085531841856,-1,HUMAN,0.9463518289363163,0.0,0.02716119129799362,0.0,0.3483866877250147
R_3q3ffxzmaLP3U4E,0.022367883883960955,-1,HUMAN,0.9552642322320781,0.05999999994,0.11152321497055023,0.0,0.3743577785729156
R_5Lzi65grW1ORDhG,0.7998017908918343,1,BOT,0.5996035817836687,0.0,0.20049452463132694,0.0,0.4988380935401625
R_5zknr5gZtcDv0qv,0.9491003571834178,1,BOT,0.8982007143668356,0.0,0.25,0.8,0.6516855052648703
R_5v7HafFlE2PKEha,0.025807180010864406,-1,HUMAN,0.9483856399782712,0.0,0.0004945246313269549,0.0,0.3976176504202885
R_3yHZ2nBQECGzwu5,0.2281595866386669,-1,HUMAN,0.5436808267226663,0.0,0.16152321497055022,0.8,0.36252041030268994
R_6zv9YzbxYNHSyDT,0.027233099740634627,-1,HUMAN,0.9455338005187307,0.0,0.11152321497055023,0.0,0.38859835994049957
R_7zY2Vvfqm5IAMSZ,0.029626264398951864,-1,HUMAN,0.9407474712020962,0.05999999994,0.03930099274832802,0.0,0.4665281371885566
R_1mRi3Jov76dcLPt,0.9496556884575996,1,BOT,0.8993113769151992,0.0,0.19585454372183375,0.8,0.4078613111834287
R_7GwEsqSDeOnqMON,0.027105295290804715,-1,HUMAN,0.9457894094183905,0.0,0.06716119129799362,0.0,0.4470960266917825
R_39YQi5kzWMd7Y4h,0.02236668160542884,-1,HUMAN,0.9552666367891424,0.05999999994,0.11152321497055023,0.0,0.3700905952345379
R_6sHfndIe0qDZJn3,0.022383141539253464,-1,HUMAN,0.9552337169214931,0.05999999994,0.11707877052610578,0.0,0.38603109059694246
R_1SApzZfEUp51HvX,0.021884850216769315,-1,HUMAN,0.9562302995664613,0.05999999994,0.013827857964660286,0.0,0.3415552256226607
R_5npxPzjinPgAknq,0.9496374267214381,1,BOT,0.8992748534428763,0.0,0.1934113176957929,0.8,0.38992268978270794
R_5vQ9MKlYYTXNnZD,0.025790712915900228,-1,HUMAN,0.9484185741681995,0.0,0.0004945246313269549,0.0,0.3467540507318454
R_74j7hIcke40YKYS,0.026649277076914068,-1,HUMAN,0.9467014458461719,0.0,0.013827857964660286,0.0,0.3612957833820946
R_6PSiZZiNJvsRPPl,0.022501251634984155,-1,HUMAN,0.9549974967300316,0.05999999994,0.19485654830388355,0.0,0.33798542322199415
R_1PhFLD4MAnaz4ov,0.7428055006429972,1,BOT,0.48561100128599444,0.0,0.2059676594149947,0.0,0.4166088955368637
R_7nr4fYPnZUlRmwm,0.025797241187796454,-1,HUMAN,0.9484055176244071,0.0,0.0004945246313269549,0.0,0.36657886268388706
R_5Sb7EoiAgS7M5SV,0.03202408809259011,-1,HUMAN,0.9359518238148198,0.0,0.08049452463132696,0.0,0.46642203004240795
R_14udjvlmNeQ8lqb,0.021887798546809695,-1,HUMAN,0.9562244029063807,0.05999999994,0.013827857964660286,0.0,0.3519172618138735
R_1JKt9fMVOQVSABk,0.042192011504987435,-1,HUMAN,0.9156159769900252,0.0,0.09382785796466028,0.8,0.35472738314656665
R_3PBFDwliQHPQBwd,0.027194366386186258,-1,HUMAN,0.9456112672276275,0.0,0.10041210385943912,0.0,0.36601358369345505
R_5fxwK2RZ996ta1j,0.027209362781214396,-1,HUMAN,0.9455812744375712,0.0,0.10041210385943912,0.0,0.4107423789428987
R_3lxdmnR2wiFr7ca,0.23394544394420036,-1,HUMAN,0.5321091121115993,0.0,0.04049452463132695,0.8,0.3866947523195382
R_3mDjqFDG50aYBRD,0.027210658225540484,-1,HUMAN,0.945578683548919,0.0,0.10041210385943912,0.0,0.4146871076533047
R_1vx1AsP7jA8MCdj,0.9246591805345016,1,BOT,0.8493183610690032,0.0,0.47564322348898214,0.0,0.5942287048493665
R_38P0YUe1ZzhdMXW,0.026637193478825077,-1,HUMAN,0.9467256130423498,0.0,0.013827857964660286,0.0,0.32635638635156144
R_52GuQkHt1eGHbWU,0.02696268131068181,-1,HUMAN,0.9460746373786364,0.0,0.04049452463132695,0.0,0.44051440349588394
R_3pRKBnry1TByAKZ,0.022365913187557755,-1,HUMAN,0.9552681736248845,0.05999999994,0.11152321497055023,0.0,0.3673737149361894
R_3uEQ1DBhJG6jreI,0.02723529432615025,-1,HUMAN,0.9455294113476995,0.0,0.11152321497055023,0.0,0.3951630597001546
R_1elbi3ET8B0e8vG,0.022366511628971276,-1,HUMAN,0.9552669767420574,0.05999999994,0.11707877052610578,0.0,0.3281561392047664
R_3dH9CIJguDOt8dl,0.0295320574161601,-1,HUMAN,0.9409358851676798,0.05999999994,0.11707877052610578,0.0,0.3256168693998285
R_6axDiKSH6zleU6S,0.022474694721775962,-1,HUMAN,0.955050610556448,0.05999999994,0.16707877052610579,0.0,0.38920916121066684
R_12uZrbsVjazx2CJ,0.9083657004177812,1,BOT,0.8167314008355624,0.05999999994,0.24049452463132695,0.0,0.4724638189775767
R_3reMT2IEZxmwzpO,0.02218614063652083,-1,HUMAN,0.9556277187269584,0.05999999994,0.05382785796466029,0.0,0.34091204929729035
R_6r9jhBiRXaT6g0h,0.025795035347772007,-1,HUMAN,0.948409929304456,0.0,0.0004945246313269549,0.0,0.3598262017158517
R_3Li1V6sHbMHwJNf,0.08346856412127326,-1,HUMAN,0.8330628717574535,0.0,0.02716119129799362,0.0,0.3679618216882771
R_7TXdmMm1xamMF2h,0.025787371499994778,-1,HUMAN,0.9484252570000105,0.0,0.0004945246313269549,0.0,0.33680220040576164
R_1fDmJIfvKGZigsY,0.026932672286801233,-1,HUMAN,0.9461346554263975,0.0,0.04049452463132695,0.0,0.349855987162484
R_6FXrR71tXe8R4qJ,0.025783443008500932,-1,HUMAN,0.9484331139829981,0.0,0.0004945246313269549,0.0,0.32528315840434924
R_5U5H6F9kbFMQBOw,0.02745531701548194,-1,HUMAN,0.9450893659690361,0.05999999994,0.10041210385943912,0.0,0.35253607100009704
R_7jtECDcyTOUfYcN,0.9503109016198088,1,BOT,0.9006218032396176,0.0,0.4295626912408566,0.8,0.6163155386036625
R_1wzaePUu7X01CYD,0.9234997291856437,1,BOT,0.8469994583712874,0.0,0.18716119129799363,0.0,0.3650672509824123
R_1VBy08BUwuUYZvf,0.8098385571301913,1,BOT,0.6196771142603825,0.05999999994,0.2726343260816613,0.0,0.36566743962565346
R_7CxfUZ4WSIaaabO,0.926840402919975,1,BOT,0.8536808058399501,0.0,0.37273867336066446,0.8,0.4947096274067417
R_5tfHSUwRZVIwUDL,0.02193573453506128,-1,HUMAN,0.9561285309298775,0.05999999994,0.017078770526105794,0.0,0.359117552727916
R_7ISQk2bwmy3rjrz,0.022506617491538396,-1,HUMAN,0.9549867650169233,0.05999999994,0.19559132711761448,0.0,0.35279249157246045
R_1Yst8vpMwqvEAI7,0.9169878598107962,1,BOT,0.8339757196215924,0.0,0.1338278579646603,0.8,0.3562698366195006
R_5MWhp4CUhnA3KO1,0.025790708984870247,-1,HUMAN,0.9484185820302595,0.0,0.0004945246313269549,0.0,0.3467422623880948
R_1ZV7aFmyAtcYoHW,0.1591628797029669,-1,HUMAN,0.6816742405940662,0.0,0.04049452463132695,0.8,0.3465251175154097
R_7ENgeq2LdXw6N6C,0.022030234170677485,-1,HUMAN,0.955939531658645,0.05999999994,0.02716119129799362,0.0,0.3334127108559776
R_1CEysnRPwdMytCp,0.027127285647600412,-1,HUMAN,0.9457454287047992,0.0,0.08049452463132696,0.0,0.357689877084856
R_6NwC4aWGRXy1YuE,0.9494327945974022,1,BOT,0.8988655891948043,0.0,0.137368122377838,0.8,0.37429596594815867
R_6s0vfed56kCK9qy,0.9504645399954785,1,BOT,0.9009290799909571,0.0,0.5161572765656834,0.8,0.6003014409562072
R_7F6oYOEk5FNB1Hr,0.027248264898642165,-1,HUMAN,0.9455034702027156,0.0,0.11152321497055023,0.0,0.4346525313521983
R_5rVwwi5QEjQuG07,0.7319894615067101,1,BOT,0.46397892301342014,0.0,0.1338278579646603,0.0,0.39749694158138366
R_6HprocaDkPT3jKX,0.027082488767730194,-1,HUMAN,0.9458350224645397,0.0,0.06716119129799361,0.0,0.37750907333681816
R_3hoNhwIeogZAWPV,0.9410002899355423,1,BOT,0.8820005798710846,0.0,0.11526610902727702,0.8,0.36984243864038474
R_3lWyUyw2zRDfcUG,0.02228102326520941,-1,HUMAN,0.9554379534695812,0.05999999994,0.08049452463132696,0.0,0.3453346632650401
R_15FP6HtfuqgG245,0.02580388723534316,-1,HUMAN,0.9483922255293137,0.0,0.0004945246313269549,0.0,0.38723039843660884
R_3rIhvZFRvCcV6Kk,0.030336684318517642,-1,HUMAN,0.9393266313629647,0.05999999994,0.03930099274832802,0.0,0.41208175665133157
R_32zHnIRK0gd3dYq,0.02723437435919296,-1,HUMAN,0.9455312512816141,0.0,0.11152321497055023,0.0,0.392406458248977
R_3jx4kbabSshLdkV,0.8613926338828861,1,BOT,0.7227852677657722,0.0,0.20049452463132694,0.0,0.4109058585608376
R_7kj9HbqNGONH3Bn,0.12969284850974333,-1,HUMAN,0.7406143029805133,0.0,0.09382785796466028,0.0,0.34962234530459135
R_1p3ZidKEs8d3oPv,0.9495576915261432,1,BOT,0.8991153830522864,0.0,0.1738278579646603,0.8,0.36162178451767196
R_3obkA6TtLBA4DSx,0.021185403154441434,-1,HUMAN,0.9576291936911171,0.05999999994,0.0004945246313269549,0.0,0.35683992698453965
R_3dXSdKIIECvMw0A,0.3131414276433439,-1,HUMAN,0.3737171447133122,0.0,0.18831409664336,0.8,0.45291522709890586
R_5imTIJA16zbfPVs,0.9369223358884818,1,BOT,0.8738446717769637,0.0,0.20049452463132694,0.8,0.4439714650674956
R_12V5axLh96BPEjF,0.8235209470808996,1,BOT,0.6470418941617992,0.0,0.19556091338310333,0.0,0.37321950211979193
R_5VGvhOkNg1096P7,0.5125638624018138,1,BOT,0.025127724803627682,0.0,0.06716119129799361,0.8,0.38339504978842703
R_5mIQGTn3QGemoS5,0.9497168727275895,1,BOT,0.8994337454551791,0.0,0.20049452463132694,0.8,0.48841707617857877
R_3CvvzwSx139aXhT,0.06911270279519274,-1,HUMAN,0.8617745944096145,0.0,0.013827857964660286,0.8,0.32962425233447695
R_3dgg7ITO8VpI3Xf,0.02234594864516217,-1,HUMAN,0.9553081027096757,0.05999999994,0.10041210385943912,0.0,0.3876002838310466
R_1c17v5gZvjKVCYI,0.23356010725354745,-1,HUMAN,0.532879785492905,0.0,0.09382785796466028,0.8,0.35468415858936286
R_3MiKpscgm1gzPlP,0.027230493557181747,-1,HUMAN,0.9455390128856365,0.0,0.10716119129799362,0.0,0.4165552820017016
R_3P78ckTJL7YzXoB,0.030556398659047974,-1,HUMAN,0.9388872026819041,0.0,0.04049452463132695,0.0,0.3793663974209796
R_6ndcDy7JrqsuDh7,0.9496559673711747,1,BOT,0.8993119347423495,0.0,0.20049452463132694,0.8,0.38541785371418524
R_3BxhVy0q087h5Dg,0.9152208569197346,1,BOT,0.8304417138394693,0.0,0.16049452463132696,0.8,0.39000849011161215
R_5dPJqqx5z7AWqCG,0.02119802007099931,-1,HUMAN,0.9576039598580014,0.05999999994,0.0004945246313269549,0.0,0.40443294563674415
R_5Yn4RHFFE6wYVMG,0.09828788545105294,-1,HUMAN,0.8034242290978941,0.0,0.09382785796466028,0.0,0.3383585861937288
R_3NE39GohQf70qF7,0.025795306730125634,-1,HUMAN,0.9484093865397487,0.0,0.0004945246313269549,0.0,0.3606540810274956
R_1dzIo6D6LCJOGPY,0.7962325602086445,1,BOT,0.592465120417289,0.85,0.22530907789457932,0.0,0.5498282158758219
R_6goutgldiFdFHwd,0.02578941664150334,-1,HUMAN,0.9484211667169933,0.0,0.0004945246313269549,0.0,0.3428769558968274
R_5pGw7kk2zx9zzrC,0.949636354028604,1,BOT,0.899272708057208,0.0,0.19268656869112596,0.8,0.3917930311560456
R_70HQeMzMRWo8XtX,0.8359305642993217,1,BOT,0.6718611285986433,0.0,0.10716119129799362,0.8,0.34243321996367326
R_1P6PI0NlUGCuHDQ,0.027295024738196727,-1,HUMAN,0.9454099505236065,0.0,0.13374543719277246,0.0,0.4096666692801877
R_39twJ9swfEm1skC,0.3013501645760854,-1,HUMAN,0.39729967084782924,0.0,0.189300992748328,0.0,0.3664957736700957
R_34oRcS9WQACZwgV,0.025785406194740096,-1,HUMAN,0.9484291876105198,0.0,0.0004945246313269549,0.0,0.33101447933405254
R_10GNJE7MSRis9KF,0.9122764626216847,1,BOT,0.8245529252433694,0.0,0.12049452463132695,0.8,0.4825616973038545
R_5Oq0412oNoog3kf,0.027155167373705946,-1,HUMAN,0.9456896652525881,0.0,0.08049452463132696,0.0,0.44170347658824205
R_3P64wHalLctif2x,0.025783711252582813,-1,HUMAN,0.9484325774948343,0.0,0.0004945246313269549,0.0,0.32606326564006627
R_3Fle4Kgzpda4X4z,0.026733063489425023,-1,HUMAN,0.94653387302115,0.0,0.017078770526105794,0.0,0.4476056335827511
R_5wI5hq1SQVDwKzf,0.8507829256804011,1,BOT,0.7015658513608023,0.0,0.2979943439613285,0.8,0.549556991343528
R_59m2nBBdABmuEPH,0.0218828452950094,-1,HUMAN,0.9562343094099812,0.05999999994,0.013827857964660286,0.0,0.33459277761557643
R_6D8GbsQkqNrHVsy,0.037632977670889335,-1,HUMAN,0.9247340446582213,0.0,0.0,0.0,0.42407196620487
R_1HlRt8O7QLB2Q7L,0.037632977670889335,-1,HUMAN,0.9247340446582213,0.0,0.0,0.0,0.42407196620487
R_1t557RncBWpLu01,0.037632977670889335,-1,HUMAN,0.9247340446582213,0.0,0.0,0.0,0.42407196620487
R_1Gv8VUMOfn2IcUS,0.025785333201491713,-1,HUMAN,0.9484293335970165,0.0,0.0004945246313269549,0.0,0.3308004777018231
R_6kf36DWufl1ieIh,0.022427670752905065,-1,HUMAN,0.9551446584941898,0.05999999994,0.1448565483038836,0.0,0.35404367228221106
R_3Mk2bgBjIPuyWrL,0.026664779158357917,-1,HUMAN,0.9466704416832842,0.0,0.013827857964660286,0.0,0.4082897176978471
R_61G9eQZHET2VFPs,0.830308863652277,1,BOT,0.6606177273045539,0.0,0.10716119129799362,0.8,0.3391178541229997
R_5D88jynjeLuI9kj,0.782391899830728,1,BOT,0.564783799661456,0.0,0.32747088718306205,0.8,0.5408478925452548
R_6M1neXFyBqC9qBr,0.027187915101957665,-1,HUMAN,0.9456241697960847,0.0,0.10041210385943912,0.0,0.3474057041315478
R_5rkW6M8TVPDos0D,0.2475731046371054,-1,HUMAN,0.5048537907257892,0.0,0.09382785796466028,0.8,0.3606498442877087
R_6hzHBgHBoA8eCKl,0.027210813662897203,-1,HUMAN,0.9455783726742056,0.0,0.10041210385943912,0.0,0.4151611603227257
R_3lbSNvgsRUGRxZf,0.9496830163505627,1,BOT,0.8993660327011255,0.0,0.20049452463132694,0.8,0.4304475955042593
R_3D2HRT0GFyFomPJ,0.02119990723748415,-1,HUMAN,0.9576001855250317,0.05999999994,0.0004945246313269549,0.0,0.41173133906735715
R_5qHamKlar9RkcNP,0.12862448732069132,-1,HUMAN,0.7427510253586174,0.0,0.013827857964660286,0.8,0.3530675409942805
R_6H159cZ3CoVRhCd,0.021942212551556695,-1,HUMAN,0.9561155748968866,0.05999999994,0.017078770526105794,0.0,0.38250834914615534
R_7EsCVYr6EIZ7IkE,0.02700638320545522,-1,HUMAN,0.9459872335890895,0.0,0.05382785796466029,0.0,0.33654300055107444
R_1fcGUsAZb5KFVZ7,0.02665332274980624,-1,HUMAN,0.9466933545003875,0.0,0.013827857964660286,0.0,0.3733489700845932
R_3Gk6X53YzgHj78K,0.02250480723690959,-1,HUMAN,0.9549903855261808,0.05999999994,0.18606751759380494,0.0,0.39426491587543405
R_7ClTZJqmBXJT8ia,0.02119447771293573,-1,HUMAN,0.9576110445741285,0.05999999994,0.0004945246313269549,0.0,0.39084734172051394
R_3DpfdQQLvO8CUyB,0.026199732313282993,-1,HUMAN,0.947600535373434,0.0,0.0004945246313269549,0.0,0.3560091469952964
R_5C9jFYEPYBd9oSC,0.025788032893371022,-1,HUMAN,0.948423934213258,0.0,0.0004945246313269549,0.0,0.3387610383488824
R_52CkOCckMY0XyP7,0.9503074014965529,1,BOT,0.9006148029931058,0.0,0.4489765568223155,0.8,0.5476285309199906
R_7jpty9enxs46xd8,0.9496607954731715,1,BOT,0.899321590946343,0.0,0.20049452463132694,0.8,0.3933346778934061
R_338p3CdI0mQOAj1,0.027207129239596388,-1,HUMAN,0.9455857415208072,0.0,0.10041210385943912,0.0,0.40396777426775815
R_6BzgWqAvQxirgGE,0.02322173051166232,-1,HUMAN,0.9535565389766754,0.05999999994,0.03930099274832802,0.0,0.4493182672760932
R_32W0Tibp3eQZrg7,0.867355746232214,1,BOT,0.734711492464428,0.0,0.2670787705261058,0.0,0.48078519313965534
R_7UTfouzoMbrT4EV,0.12080634499427426,-1,HUMAN,0.7583873100114515,0.0,0.06716119129799361,0.8,0.3651527746853845
R_33MNvuEKCII7raN,0.8657208020606294,1,BOT,0.7314416041212588,0.0,0.20049452463132694,0.0,0.35715652749292737
R_3cn3gwCNDdm5Kx3,0.9044737163325095,1,BOT,0.808947432665019,0.0,0.10716119129799362,0.8,0.33726682710524414
R_1SvgMmscgBXRZNH,0.029209553382737626,-1,HUMAN,0.9415808932345248,0.05999999994,0.1281898816372169,0.0,0.3578097809294108
R_5lPmnFEZVImm7eu,0.9499055331139307,1,BOT,0.8998110662278613,0.0,0.25,0.8,0.5807059048400253
R_5DvnziTxE3kEIfv,0.06616533576215605,-1,HUMAN,0.8676693284756879,0.05999999994,0.3197857314273849,0.0,0.6807099602171859
R_1dYuqw0LyWNZFyW,0.027227537828078567,-1,HUMAN,0.9455449243438429,0.0,0.11152321497055023,0.0,0.3721432478138078
R_1iKynHMs6HQocgo,0.9502772516358686,1,BOT,0.9005545032717373,0.0,0.42320829521504844,0.8,0.5803464776521365
R_51WorSaALcZad0T,0.9272839647275688,1,BOT,0.8545679294551376,0.0,0.47588676017028825,0.8,0.588074370318274
R_1KqBH4YF0b2cKQc,0.949611790680127,1,BOT,0.899223581360254,0.0,0.18716119129799363,0.8,0.37957678960546504
R_1Ia2cDbKzc4aw3D,0.027176657998117415,-1,HUMAN,0.9456466840037652,0.0,0.09382785796466028,0.0,0.37233822798782296
R_6cCIL7l1VJAclZh,0.022118285516455866,-1,HUMAN,0.9557634289670882,0.05999999994,0.04049452463132695,0.0,0.32984703995645864
R_6Ij9XtmT3mr5Ol3,0.9497731404563743,1,BOT,0.8995462809127486,0.0,0.22555850025572224,0.8,0.46302215850833645
R_5ki9DwYAyePiwuV,0.9496666023482891,1,BOT,0.8993332046965783,0.0,0.1935361164975444,0.8,0.4380534442269029
R_1qByVLzGKM6WK7c,0.025787046613128205,-1,HUMAN,0.9484259067737436,0.0,0.0004945246313269549,0.0,0.3358420144539166
R_7jV6XdQzzastmdE,0.9496474521442083,1,BOT,0.8992949042884166,0.0,0.19378929684176746,0.8,0.40457173724450857
R_16qz7YVdY0i3mI9,0.9235907631621195,1,BOT,0.847181526324239,0.0,0.19646034947331958,0.0,0.4195052687310356
R_5EcqK4Sxz82bLrn,0.9496515977539465,1,BOT,0.899303195507893,0.0,0.20049452463132694,0.8,0.37830522837695824
R_1LYvSc4XRnrk8dD,0.9197736641238141,1,BOT,0.8395473282476282,0.0,0.16049452463132696,0.8,0.3706662657282415
R_5RkZq0kyq3T0pVv,0.9496762805740246,1,BOT,0.8993525611480493,0.0,0.20049452463132694,0.8,0.41909270201193843
R_3v7Z0fO6s73uAeZ,0.9405634915464308,1,BOT,0.8811269830928616,0.0,0.47583855630530847,0.8,0.5929613114384096
R_3OHtupgvZMDPOCI,0.939187089114947,1,BOT,0.8783741782298939,0.05999999994,0.20049452463132694,0.8,0.38965150764123285
R_1fOk8NuRyRE2d1a,0.11791624137113332,-1,HUMAN,0.7641675172577334,0.0,0.05382785796466029,0.8,0.34867903121775357
R_6E4IFLA3ZLVXEKR,0.02731458516695176,-1,HUMAN,0.9453708296660965,0.0,0.13374543719277246,0.0,0.4699273260310618
R_6lmWjTxEtOY2i2t,0.02722790392874403,-1,HUMAN,0.945544192142512,0.0,0.11707877052610578,0.0,0.3315916425577984
R_1NVcmgtLf66z5NT,0.9235742011456148,1,BOT,0.8471484022912297,0.0,0.20049452463132694,0.0,0.38066484486137087
R_3HwvAuzKNdjFzFW,0.9495173076869419,1,BOT,0.8990346153738837,0.0,0.15995435738044286,0.8,0.37309507849784185
R_1b4cPnY1PV5UUEk,0.9492461007671329,1,BOT,0.8984922015342658,0.0,0.25,0.8,0.6223731207683683
R_7IY4WuqVjlzcMeI,0.022396797210947336,-1,HUMAN,0.9552064055781053,0.05999999994,0.1281898816372169,0.0,0.35441532542459653
R_1jSZdZlFMVib4Qh,0.027194088600489674,-1,HUMAN,0.9456118227990207,0.0,0.10041210385943912,0.0,0.3652036729160266
R_15AvuMPsCqKAKAx,0.09778133629197472,-1,HUMAN,0.8044373274160506,0.0,0.02716119129799362,0.8,0.33818572321534135
R_6ssQsp6xXyQRhrH,0.38953304490820573,-1,HUMAN,0.22093391018358854,0.05999999994,0.1738278579646603,0.0,0.4506017887949122
R_11jN5LjBfpk6IhJ,0.025802984840435313,-1,HUMAN,0.9483940303191294,0.0,0.0004945246313269549,0.0,0.3844008901101015
R_3pxMbLBGFaSL8qZ,0.8296709324915039,1,BOT,0.6593418649830078,0.0,0.1471611912979936,0.8,0.35413043164618974
R_1DLzXkEziFfUdDa,0.04093144523094452,-1,HUMAN,0.918137109538111,0.0,0.2718601892857067,0.0,0.5553137188501103
R_6PcabWOKKzauiXL,0.8628897712796345,1,BOT,0.725779542559269,0.0,0.16049452463132696,0.0,0.4359378236284507
R_5TYkkClCj2Eb4jj,0.026640929566004688,-1,HUMAN,0.9467181408679907,0.0,0.013827857964660286,0.0,0.33697810219056507
R_5jSQ4YpISyxkM1q,0.9236204845139528,1,BOT,0.8472409690279057,0.0,0.20049452463132694,0.0,0.433104631042881
R_5R9ze36GYk9RpAr,0.025804998405245222,-1,HUMAN,0.9483900031895096,0.0,0.0004945246313269549,0.0,0.3907248598700325
R_1wgjjI837fvD0Ep,0.05799410841363195,-1,HUMAN,0.8840117831727361,0.0,0.31860518443822744,0.0,0.5854340574386974
R_70eFB5xcNI9hrlQ,0.91849824336942,1,BOT,0.83699648673884,0.0,0.14716119129799363,0.8,0.44881215122865853
R_3LybZWdlWuMXvMd,0.02706678248378879,-1,HUMAN,0.9458664350324224,0.0,0.06716119129799361,0.0,0.33216189588462436
R_5654IZjQfIKdnW3,0.026637585426151043,-1,HUMAN,0.946724829147698,0.0,0.013827857964660286,0.0,0.32746266839257787
R_50prlqB3Lrv1pyF,0.9494677423301299,1,BOT,0.8989354846602597,0.0,0.1471611912979936,0.8,0.3689037268815166
R_1bFQJmzth5jL6DL,0.026737203086655607,-1,HUMAN,0.9465255938266888,0.0,0.017078770526105794,0.0,0.46072081626099853
R_65Ewldw4EU6KE01,0.21967447740145105,-1,HUMAN,0.5606510451970979,0.0,0.139300992748328,0.8,0.35426273766350386
R_1JaNnoQkiSUfC5p,0.9503031339417953,1,BOT,0.9006062678835907,0.0,0.42680690159366347,0.8,0.6122060331039841
R_6QufsOU72h7saZM,0.9422125885809944,1,BOT,0.8844251771619889,0.0,0.20049452463132694,0.8,0.3880345179317687
R_6PBaiPYwSDkGZqW,0.04203278804027859,-1,HUMAN,0.9159344239194428,0.0,0.06716119129799361,0.8,0.33241998471615986
R_3frIqnaBtxUrHFM,0.8364054525583959,1,BOT,0.6728109051167919,0.85,0.23364241122791266,0.0,0.5446857733232147
R_6q54h3lOAiumyXU,0.948763543406306,1,BOT,0.897527086812612,0.0,0.4345142164917565,0.8,0.6156989990894389
R_6gAW8ng7vufgkIq,0.04139341073556126,-1,HUMAN,0.9172131785288775,0.0,0.013827857964660286,0.8,0.366447867694371
R_7dF8eD4eyduy17o,0.8573684587906574,1,BOT,0.7147369175813147,0.0,0.12049452463132695,0.8,0.3592413331874287
R_5qh0N3p0vsRJRVn,0.9478873219314812,1,BOT,0.8957746438629623,0.0,0.39538058297098094,0.8,0.508542027549441
R_1EhP6ccs2Cq4uSt,0.025789844396743682,-1,HUMAN,0.9484203112065126,0.0,0.0004945246313269549,0.0,0.3441540874308042
R_1u7mlg90hjTKJFf,0.9238200419563874,1,BOT,0.8476400839127749,0.0,0.20049452463132694,0.8,0.41772769838418683
R_3IQS71y7SG3TmnO,0.9496522789502686,1,BOT,0.8993045579005372,0.0,0.19646034947331958,0.8,0.39917096747417685
R_1dMuIweoaIr6fkA,0.9378541254464485,1,BOT,0.875708250892897,0.0,0.4745142164917566,0.8,0.654762717492038
R_14s6q4TDhTEimTn,0.04359923102607878,-1,HUMAN,0.9128015379478425,0.05999999994,0.06457877052536824,0.0,0.46450053041647327
R_1ojrZrr0hLMfO7I,0.9494939838606129,1,BOT,0.8989879677212258,0.0,0.1471611912979936,0.8,0.4117956085565468
R_7saVliZ7ZHVmQfD,0.9502595695908141,1,BOT,0.9005191391816283,0.0,0.42970090097659536,0.8,0.5284203191194067
R_10uWbWM68BY5wh9,0.2376076094274162,-1,HUMAN,0.5247847811451676,0.0,0.17263432608166132,0.8,0.3518828702716055
R_7ojResTOWskg1MJ,0.9494139635877563,1,BOT,0.8988279271755126,0.0,0.1338278579646603,0.8,0.36723187058854084
R_1VjMXUynrtJTEBM,0.7879692397326603,1,BOT,0.5759384794653206,0.05999999994,0.2670787705261058,0.0,0.40868510421954746
R_6m3LbTa9Dvgzb2y,0.8577030657706084,1,BOT,0.7154061315412168,0.0,0.14716119129799363,0.8,0.43175714912950897
R_1nVKrPqPops8YSm,0.9496691837121791,1,BOT,0.8993383674243582,0.0,0.20049452463132694,0.8,0.4072229136317275
R_32fJdX8Id5KtKdF,0.19446439199564655,-1,HUMAN,0.6110712160087068,0.0,0.06716119129799361,0.8,0.34695438044728466
R_1316O0TdlHtWdf6,0.8792804209614019,1,BOT,0.7585608419228038,0.0,0.19630651921705225,0.0,0.41658443975865367
R_1LYH1sgQMcD3OJW,0.8731726433803069,1,BOT,0.7463452867606137,0.0,0.10716119129799362,0.8,0.3365350798667393
R_3g2hnXXxAycWkF7,0.9299561382683145,1,BOT,0.8599122765366289,0.0,0.20049452463132694,0.8,0.39084811292588995
R_7nxiiSqSGlCPKOP,0.9504691420087287,1,BOT,0.9009382840174573,0.0,0.5049230263264664,0.8,0.6425228465966337
R_6Nfdp276gkajf78,0.3193413525630048,-1,HUMAN,0.36131729487399045,0.0,0.09382785796466028,0.8,0.37762053118293326
R_5NaB3Gikg8e49qJ,0.026927317160101327,-1,HUMAN,0.9461453656797973,0.0,0.04049452463132695,0.0,0.3345594481657556
R_5l4ZwANCmPsNyPP,0.9498562152781197,1,BOT,0.8997124305562394,0.0,0.2681322497365323,0.8,0.4192968368233347
R_7HotGZIV2mpNxCH,0.9397914578047732,1,BOT,0.8795829156095465,0.0,0.12049452463132695,0.8,0.38665534295609555
R_3lWGEG3CT5T6lsl,0.02692318967744976,-1,HUMAN,0.9461536206451004,0.0,0.04049452463132695,0.0,0.32299841069160057
R_7CIWoLth3a8EEqE,0.14069460745463547,-1,HUMAN,0.7186107850907291,0.0,0.09382785796466028,0.8,0.3582387761955115
R_5IZYtUj15syjmed,0.9403555068541772,1,BOT,0.8807110137083545,0.0,0.1338278579646603,0.8,0.40488481052417774
R_7Xn87t7deM4udEN,0.9463578748684599,1,BOT,0.8927157497369198,0.0,0.19646034947331958,0.8,0.41715534561721573
R_3RQRl4MYMu6zOks,0.2354176929405006,-1,HUMAN,0.5291646141189987,0.0,0.09382785796466028,0.8,0.3515468499398253
R_3aI7QJmNbasuJBn,0.8605806353562357,1,BOT,0.7211612707124715,0.05999999994,0.25536112453919957,0.0,0.4904796451880137
